Date;Open;High;Low;Close;Adj Close;Volume
2018-01-02;235.77999877929688;237.07000732421875;232.80999755859375;235.63999938964844;220.07534790039062;2931000
2018-01-03;235.07000732421875;235.72999572753906;233.2899932861328;235.6300048828125;220.06597900390625;2193700
2018-01-04;237.0;239.44000244140625;236.47000122070312;238.7100067138672;222.94256591796875;2243100
2018-01-05;238.64999389648438;240.89999389648438;237.74000549316406;240.57000732421875;224.67971801757812;1835900
2018-01-08;239.3800048828125;240.94000244140625;239.17999267578125;239.7899932861328;223.95123291015625;1869000
2018-01-09;239.60000610351562;241.77999877929688;239.33999633789062;241.27999877929688;225.3428192138672;1695100
2018-01-10;241.0;242.57000732421875;240.02999877929688;241.13999938964844;225.21205139160156;1640900
2018-01-11;240.74000549316406;242.33999633789062;239.75;242.30999755859375;226.30477905273438;1487700
2018-01-12;243.07000732421875;246.0;242.5;244.47000122070312;228.32211303710938;1974300
2018-01-16;245.3000030517578;247.19000244140625;243.8300018310547;244.74000549316406;228.57424926757812;2411100
2018-01-17;246.85000610351562;248.52999877929688;245.8000030517578;248.11000061035156;231.72166442871094;2519000
2018-01-18;248.1300048828125;249.0;244.9199981689453;245.91000366210938;229.6669921875;2233500
2018-01-19;246.6300048828125;248.5;245.60000610351562;248.17999267578125;231.7870330810547;2013500
2018-01-22;247.1300048828125;247.88999938964844;245.0800018310547;247.3000030517578;230.96517944335938;1660500
2018-01-23;246.91000366210938;247.25999450683594;245.1199951171875;246.30999755859375;230.0405731201172;1822700
2018-01-24;247.99000549316406;248.5399932861328;246.25;247.69000244140625;231.32940673828125;3471000
2018-01-25;250.0;254.8000030517578;247.10000610351562;252.36000061035156;235.69094848632812;3507900
2018-01-26;253.42999267578125;259.7699890136719;253.38999938964844;258.6300048828125;241.5467987060547;3730600
2018-01-29;258.510009765625;259.3399963378906;255.97000122070312;256.010009765625;239.09986877441406;2306300
2018-01-30;255.60000610351562;255.69000244140625;251.41000366210938;251.5399932861328;234.92510986328125;2412600
2018-01-31;251.49000549316406;253.1300048828125;249.60000610351562;250.5;233.95379638671875;3136400
2018-02-01;247.44000244140625;250.08999633789062;246.17999267578125;247.94000244140625;231.56289672851562;2665500
2018-02-02;246.42999267578125;248.75;244.8800048828125;245.1699981689453;228.97586059570312;3925700
2018-02-05;243.5;244.39999389648438;226.00999450683594;231.44000244140625;216.1527862548828;6590500
2018-02-06;227.50999450683594;234.57000732421875;226.80999755859375;233.6300048828125;218.19810485839844;5108100
2018-02-07;233.19000244140625;237.52000427246094;232.82000732421875;233.19000244140625;217.7871551513672;2885600
2018-02-08;233.16000366210938;233.30999755859375;222.64999389648438;222.88999938964844;208.1675262451172;3751300
2018-02-09;224.61000061035156;226.9600067138672;218.17999267578125;225.2100067138672;210.33428955078125;4518600
2018-02-12;227.49000549316406;230.3800048828125;226.10000610351562;229.19000244140625;214.0513916015625;3290400
2018-02-13;229.7100067138672;231.97000122070312;228.92999267578125;231.36000061035156;216.0780792236328;2523600
2018-02-14;229.4499969482422;232.8699951171875;228.47000122070312;232.0;216.67578125;2337800
2018-02-15;233.30999755859375;234.89999389648438;230.8800048828125;234.8699951171875;220.64967346191406;2127500
2018-02-16;234.97000122070312;238.44000244140625;233.38999938964844;236.6699981689453;222.34068298339844;2221800
2018-02-20;234.5399932861328;236.6699981689453;233.91000366210938;235.07000732421875;220.8375701904297;2675900
2018-02-21;234.7100067138672;237.86000061035156;232.10000610351562;232.17999267578125;218.12252807617188;2561400
2018-02-22;232.42999267578125;237.3699951171875;232.25999450683594;236.0;221.7112579345703;2284500
2018-02-23;236.85000610351562;237.88999938964844;234.38999938964844;237.02000427246094;222.66949462890625;1616700
2018-02-26;239.00999450683594;244.86000061035156;238.50999450683594;244.13999938964844;229.35841369628906;3086800
2018-02-27;244.61000061035156;244.6699981689453;240.72000122070312;240.77999877929688;226.20184326171875;1778300
2018-02-28;241.63999938964844;242.27999877929688;235.39999389648438;235.50999450683594;221.2509002685547;2461400
2018-03-01;236.14999389648438;236.8300018310547;229.52999877929688;231.33999633789062;217.33338928222656;3487100
2018-03-02;229.75;231.27000427246094;226.3300018310547;230.3699951171875;216.422119140625;2912800
2018-03-05;230.0;233.7100067138672;228.52999877929688;232.80999755859375;218.71437072753906;2235300
2018-03-06;234.0500030517578;235.9199981689453;230.8000030517578;233.66000366210938;219.51292419433594;2091100
2018-03-07;231.22000122070312;236.22000122070312;230.58999633789062;235.57000732421875;221.30731201171875;2213800
2018-03-08;236.35000610351562;237.69000244140625;234.1199951171875;236.33999633789062;222.0306854248047;1955200
2018-03-09;238.0;241.3699951171875;236.1699981689453;241.35000610351562;226.7373504638672;1840900
2018-03-12;242.10000610351562;243.10000610351562;239.3000030517578;239.8000030517578;225.28118896484375;2151300
2018-03-13;240.89999389648438;242.97000122070312;236.88999938964844;237.57000732421875;223.1862030029297;2009900
2018-03-14;238.8000030517578;239.32000732421875;233.85000610351562;234.2899932861328;220.10476684570312;2239700
2018-03-15;235.22000122070312;238.0800018310547;234.1999969482422;235.8699951171875;221.58912658691406;1770500
2018-03-16;235.6699981689453;238.1699981689453;235.6699981689453;237.22000122070312;222.85740661621094;4858000
2018-03-19;236.00999450683594;236.3300018310547;230.25999450683594;231.55999755859375;217.54006958007812;2621700
2018-03-20;232.1199951171875;234.38999938964844;231.5800018310547;232.4499969482422;218.3761749267578;1728000
2018-03-21;233.0;237.22000122070312;232.30999755859375;234.13999938964844;219.9638671875;1588300
2018-03-22;232.0399932861328;232.1199951171875;222.8000030517578;223.1699981689453;209.65805053710938;4295500
2018-03-23;223.5;224.27000427246094;215.27000427246094;215.36000061035156;202.3209228515625;4221200
2018-03-26;217.86000061035156;220.8000030517578;215.17999267578125;220.24000549316406;206.90545654296875;3574000
2018-03-27;221.02000427246094;221.86000061035156;214.72999572753906;215.8699951171875;202.80001831054688;2696700
2018-03-28;217.22999572753906;219.66000366210938;214.91000366210938;216.5399932861328;203.42945861816406;2522900
2018-03-29;217.7899932861328;221.3800048828125;217.4600067138672;219.52000427246094;206.22901916503906;2643000
2018-04-02;218.0500030517578;218.72000122070312;209.47000122070312;212.6199951171875;199.74681091308594;3840800
2018-04-03;213.0;216.4600067138672;210.92999267578125;216.3300018310547;203.232177734375;3006800
2018-04-04;212.38999938964844;217.9199981689453;211.1199951171875;217.55999755859375;204.38771057128906;2488800
2018-04-05;218.63999938964844;220.30999755859375;216.55999755859375;218.6699981689453;205.4304962158203;2879900
2018-04-06;217.39999389648438;218.85000610351562;211.0;212.25;199.39920043945312;2503900
2018-04-09;213.75;216.86000061035156;212.39999389648438;212.80999755859375;199.92530822753906;2186100
2018-04-10;215.32000732421875;218.7100067138672;215.22999572753906;216.97999572753906;203.8428192138672;2857400
2018-04-11;214.1999969482422;215.88999938964844;213.5;214.3300018310547;201.35328674316406;1819800
2018-04-12;215.72000122070312;217.67999267578125;215.00999450683594;216.4199981689453;203.31674194335938;2292900
2018-04-13;218.08999633789062;218.67999267578125;214.4600067138672;215.52000427246094;202.47122192382812;2034500
2018-04-16;217.1999969482422;219.27000427246094;216.58999633789062;217.6999969482422;204.51922607421875;2060500
2018-04-17;219.14999389648438;221.69000244140625;218.74000549316406;220.08999633789062;206.7645263671875;1853500
2018-04-18;220.38999938964844;221.00999450683594;219.16000366210938;219.52000427246094;206.22901916503906;1599300
2018-04-19;218.0399932861328;219.3000030517578;217.02999877929688;218.85000610351562;205.59959411621094;1453100
2018-04-20;218.41000366210938;220.27999877929688;216.74000549316406;217.75;204.5662078857422;2634300
2018-04-23;218.02000427246094;218.72999572753906;214.75;215.8800048828125;202.80943298339844;2520700
2018-04-24;206.5;206.5;196.88999938964844;201.1300048828125;188.95249938964844;11671400
2018-04-25;201.10000610351562;201.75;197.00999450683594;198.83999633789062;186.80111694335938;6205400
2018-04-26;198.67999267578125;199.6300048828125;196.1699981689453;197.08999633789062;185.15707397460938;4124300
2018-04-27;196.77000427246094;197.11000061035156;194.39999389648438;196.1199951171875;184.24581909179688;3354800
2018-04-30;196.9600067138672;198.33999633789062;194.17999267578125;194.38999938964844;182.6205596923828;4008700
2018-05-01;194.02999877929688;195.5399932861328;191.44000244140625;195.02000427246094;183.21241760253906;4710500
2018-05-02;195.14999389648438;196.41000366210938;194.02000427246094;194.5;182.72390747070312;4017600
2018-05-03;194.52000427246094;196.6999969482422;192.35000610351562;195.67999267578125;183.83245849609375;3425900
2018-05-04;195.07000732421875;199.92999267578125;194.05999755859375;199.36000061035156;187.2896270751953;3071700
2018-05-07;200.05999755859375;201.0;199.5800018310547;200.25999450683594;188.1351318359375;2863400
2018-05-08;200.0;202.11000061035156;199.55999755859375;201.74000549316406;189.52552795410156;3273500
2018-05-09;202.02999877929688;204.72999572753906;201.3699951171875;203.4199981689453;191.1038055419922;3361300
2018-05-10;202.61000061035156;205.67999267578125;202.38999938964844;205.02999877929688;192.61636352539062;2700800
2018-05-11;204.74000549316406;205.3699951171875;203.66000366210938;205.16000366210938;192.7384796142578;3155700
2018-05-14;205.6699981689453;206.0399932861328;204.6699981689453;205.75999450683594;193.30213928222656;3385900
2018-05-15;204.9600067138672;205.57000732421875;201.63999938964844;202.41000366210938;190.1549530029297;2259200
2018-05-16;200.52000427246094;201.0399932861328;199.0500030517578;200.2100067138672;188.08819580078125;2913500
2018-05-17;199.27000427246094;201.39999389648438;198.69000244140625;200.36000061035156;189.51646423339844;2265800
2018-05-18;200.27999877929688;200.75999450683594;198.4499969482422;198.9600067138672;188.1922149658203;2925700
2018-05-21;200.5;202.92999267578125;200.0;201.75999450683594;190.84066772460938;2126500
2018-05-22;201.9600067138672;202.11000061035156;198.72999572753906;198.97000122070312;188.20167541503906;2313900
2018-05-23;197.74000549316406;198.8000030517578;196.55999755859375;198.6699981689453;187.9179229736328;2737700
2018-05-24;198.8300018310547;200.17999267578125;196.92999267578125;199.41000366210938;188.6178436279297;2055000
2018-05-25;198.3300018310547;199.41000366210938;197.92999267578125;199.02999877929688;188.25845336914062;1686500
2018-05-29;198.0;198.50999450683594;195.10000610351562;195.74000549316406;185.14651489257812;2346800
2018-05-30;197.08999633789062;199.3800048828125;196.6999969482422;198.67999267578125;187.9273681640625;2143100
2018-05-31;198.11000061035156;198.4499969482422;196.25999450683594;197.22999572753906;186.5558319091797;5253100
2018-06-01;198.75;200.4199981689453;198.27999877929688;199.58999633789062;188.7881317138672;1827000
2018-06-04;200.72999572753906;201.69000244140625;200.07000732421875;201.05999755859375;190.17857360839844;2408400
2018-06-05;201.0800018310547;202.10000610351562;200.88999938964844;201.1999969482422;190.31100463867188;2246100
2018-06-06;201.83999633789062;204.0500030517578;201.5500030517578;203.86000061035156;192.82701110839844;2297300
2018-06-07;204.17999267578125;205.88999938964844;203.75999450683594;205.07000732421875;193.97154235839844;2279200
2018-06-08;204.97999572753906;206.75;204.41000366210938;206.58999633789062;195.40927124023438;2170200
2018-06-11;206.58999633789062;206.7899932861328;205.0;205.1199951171875;194.01882934570312;2302900
2018-06-12;205.6699981689453;205.9499969482422;203.9499969482422;204.9199981689453;193.82965087890625;1806100
2018-06-13;205.13999938964844;205.66000366210938;203.72999572753906;204.88999938964844;193.80126953125;2097900
2018-06-14;205.75999450683594;206.27000427246094;203.5;203.6300048828125;192.6094970703125;2221500
2018-06-15;202.5500030517578;205.05999755859375;200.11000061035156;204.97000122070312;193.87696838378906;5449500
2018-06-18;202.52999877929688;204.57000732421875;200.25;204.1699981689453;193.12025451660156;2842800
2018-06-19;201.25999450683594;201.8300018310547;198.3300018310547;199.38999938964844;188.5989532470703;3206800
2018-06-20;199.33999633789062;200.0;197.25999450683594;198.0800018310547;187.35984802246094;2348300
2018-06-21;197.83999633789062;197.83999633789062;194.58999633789062;195.52000427246094;184.9384002685547;2420400
2018-06-22;197.38999938964844;197.44000244140625;195.17999267578125;196.5;185.8653564453125;2290100
2018-06-25;195.97999572753906;196.3300018310547;193.63999938964844;195.8000030517578;185.2032470703125;2922500
2018-06-26;196.83999633789062;197.9499969482422;195.97999572753906;196.5800018310547;185.94102478027344;2140200
2018-06-27;196.57000732421875;199.89999389648438;194.75999450683594;194.9199981689453;184.37086486816406;2889700
2018-06-28;195.5;196.85000610351562;194.2100067138672;195.97000122070312;185.36404418945312;1978700
2018-06-29;196.47000122070312;199.4199981689453;196.4600067138672;196.72000122070312;186.0734405517578;2671600
2018-07-02;195.4600067138672;195.88999938964844;193.50999450683594;195.52000427246094;184.9384002685547;1815500
2018-07-03;196.49000549316406;198.9499969482422;195.5;195.8300018310547;185.2316131591797;1228900
2018-07-05;197.07000732421875;197.47999572753906;195.02999877929688;197.33999633789062;186.65988159179688;2019300
2018-07-06;197.08999633789062;198.05999755859375;196.38999938964844;197.4600067138672;186.7733917236328;1624500
2018-07-09;198.13999938964844;200.83999633789062;198.07000732421875;200.52999877929688;189.67724609375;1967100
2018-07-10;201.0;202.5800018310547;200.38999938964844;201.47999572753906;190.5758514404297;1688700
2018-07-11;199.82000732421875;199.82000732421875;197.49000549316406;197.67999267578125;186.98150634765625;1853100
2018-07-12;199.1699981689453;200.0;197.39999389648438;199.32000732421875;188.53273010253906;1733500
2018-07-13;200.27000427246094;201.7899932861328;200.0;201.17999267578125;190.29208374023438;1625400
2018-07-16;201.5500030517578;201.5800018310547;200.0800018310547;201.11000061035156;190.22584533691406;1468000
2018-07-17;200.99000549316406;203.07000732421875;200.1300048828125;202.07000732421875;191.1339111328125;1920600
2018-07-18;202.22000122070312;203.1699981689453;201.35000610351562;202.1999969482422;191.25686645507812;1945000
2018-07-19;201.75999450683594;202.2899932861328;199.50999450683594;201.60000610351562;190.68936157226562;2616400
2018-07-20;199.3300018310547;202.9499969482422;198.25;201.9499969482422;191.02040100097656;2325400
2018-07-23;201.5399932861328;201.5399932861328;197.67999267578125;198.83999633789062;188.07870483398438;3269100
2018-07-24;192.94000244140625;202.19000244140625;190.57000732421875;200.67999267578125;189.81912231445312;8186500
2018-07-25;200.6300048828125;204.49000549316406;200.52000427246094;204.3800048828125;193.31887817382812;3345200
2018-07-26;204.88999938964844;208.44000244140625;204.64999389648438;207.9600067138672;196.7051544189453;2848300
2018-07-27;208.67999267578125;210.60000610351562;206.85000610351562;207.4199981689453;196.19435119628906;2248000
2018-07-30;208.25;209.25;204.75999450683594;205.1199951171875;194.01882934570312;2040500
2018-07-31;207.22999572753906;212.77999877929688;206.5;212.32000732421875;200.82919311523438;3573100
2018-08-01;210.97999572753906;211.05999755859375;206.8699951171875;207.0500030517578;195.84439086914062;2066600
2018-08-02;205.9499969482422;205.99000549316406;203.85000610351562;205.52999877929688;194.4066619873047;1699700
2018-08-03;205.9199981689453;207.5800018310547;205.1999969482422;207.2899932861328;196.07139587402344;1299900
2018-08-06;207.4499969482422;207.4600067138672;205.24000549316406;206.6999969482422;195.51332092285156;1063800
2018-08-07;208.00999450683594;209.61000061035156;207.3699951171875;208.57000732421875;197.28213500976562;1314600
2018-08-08;208.49000549316406;209.0399932861328;206.77000427246094;207.13999938964844;195.9295196533203;1052100
2018-08-09;207.13999938964844;207.97000122070312;204.49000549316406;204.77999877929688;193.69723510742188;1812600
2018-08-10;203.80999755859375;204.1300048828125;201.0;201.9600067138672;191.0298614501953;1893200
2018-08-13;202.02000427246094;202.7899932861328;199.5;199.83999633789062;189.02459716796875;1587200
2018-08-14;199.77999877929688;201.0800018310547;199.41000366210938;200.52000427246094;189.6678009033203;1719000
2018-08-15;199.25;201.75999450683594;197.11000061035156;201.38999938964844;190.49070739746094;2028900
2018-08-16;202.02000427246094;203.42999267578125;201.82000732421875;203.14999389648438;192.1554412841797;1640200
2018-08-17;203.27999877929688;204.99000549316406;201.88999938964844;204.77000427246094;193.68777465820312;1598900
2018-08-20;205.72000122070312;205.8000030517578;203.66000366210938;204.60000610351562;193.5269775390625;2091700
2018-08-21;205.0;206.0399932861328;204.38999938964844;205.69000244140625;194.55799865722656;1709700
2018-08-22;205.77000427246094;205.77000427246094;203.39999389648438;204.25999450683594;193.2053985595703;1461300
2018-08-23;203.0;203.14999389648438;201.4600067138672;202.75;193.06256103515625;1367300
2018-08-24;203.27999877929688;205.49000549316406;203.07000732421875;205.2899932861328;195.48117065429688;1676600
2018-08-27;206.17999267578125;208.5;205.85000610351562;208.3300018310547;198.3759307861328;1777200
2018-08-28;208.97000122070312;210.1199951171875;208.47999572753906;209.42999267578125;199.42337036132812;2136700
2018-08-29;209.1699981689453;210.97000122070312;208.50999450683594;210.4600067138672;200.4041748046875;2110300
2018-08-30;209.7100067138672;211.08999633789062;209.22999572753906;210.22000122070312;200.17562866210938;2240800
2018-08-31;209.57000732421875;211.72000122070312;209.44000244140625;210.9199981689453;200.84219360351562;1943500
2018-09-04;210.5500030517578;210.75;207.5500030517578;208.60000610351562;198.633056640625;2108500
2018-09-05;208.2899932861328;211.91000366210938;207.35000610351562;211.8300018310547;201.7086944580078;1951500
2018-09-06;212.0;213.3699951171875;211.07000732421875;212.74000549316406;202.5752410888672;2363500
2018-09-07;212.24000549316406;212.97000122070312;209.97000122070312;212.57000732421875;202.41334533691406;2739200
2018-09-10;213.67999267578125;216.3699951171875;212.86000061035156;212.92999267578125;202.7561492919922;2399700
2018-09-11;211.36000061035156;212.22000122070312;210.0;211.77999877929688;201.6610870361328;1967500
2018-09-12;212.3000030517578;214.75999450683594;205.89999389648438;206.7100067138672;196.83334350585938;4937000
2018-09-13;207.33999633789062;209.13999938964844;206.5500030517578;209.0500030517578;199.0615234375;2171300
2018-09-14;208.83999633789062;210.3000030517578;207.14999389648438;207.8800048828125;197.94744873046875;1721600
2018-09-17;207.4600067138672;210.19000244140625;207.3000030517578;209.52999877929688;199.5186004638672;1610400
2018-09-18;210.24000549316406;211.8300018310547;208.42999267578125;211.52999877929688;201.4230499267578;1652900
2018-09-19;211.77000427246094;214.13999938964844;211.6300048828125;213.1199951171875;202.93707275390625;1884500
2018-09-20;214.6999969482422;217.0;213.25999450683594;215.27000427246094;204.9843292236328;2075100
2018-09-21;217.32000732421875;217.8699951171875;215.61000061035156;216.3300018310547;205.99371337890625;5563700
2018-09-24;215.38999938964844;215.8699951171875;212.69000244140625;213.50999450683594;203.30841064453125;2044800
2018-09-25;214.1300048828125;214.1300048828125;210.27999877929688;210.63999938964844;200.57557678222656;2090600
2018-09-26;211.49000549316406;212.58999633789062;210.63999938964844;211.07000732421875;200.9850311279297;1677700
2018-09-27;212.0;212.8699951171875;210.0;210.11000061035156;200.0708770751953;1609800
2018-09-28;209.52999877929688;211.27999877929688;208.8699951171875;210.7100067138672;200.64222717285156;2500200
2018-10-01;212.39999389648438;213.39999389648438;211.30999755859375;212.19000244140625;202.05149841308594;1828800
2018-10-02;212.3800048828125;215.83999633789062;212.10000610351562;215.7100067138672;205.4033203125;1749400
2018-10-03;216.0;217.33999633789062;214.94000244140625;215.75999450683594;205.450927734375;2139200
2018-10-04;214.85000610351562;215.66000366210938;212.0399932861328;213.83999633789062;203.6226806640625;1682500
2018-10-05;214.35000610351562;215.02999877929688;211.05999755859375;213.19000244140625;203.0037384033203;2140300
2018-10-08;213.1300048828125;214.5800018310547;212.25999450683594;214.3699951171875;204.12734985351562;1666700
2018-10-09;212.67999267578125;213.11000061035156;209.63999938964844;210.4199981689453;200.3660888671875;2947400
2018-10-10;209.19000244140625;209.19000244140625;201.5500030517578;202.14999389648438;192.4912109375;3525200
2018-10-11;201.14999389648438;202.91000366210938;196.5;196.72999572753906;187.33018493652344;3497200
2018-10-12;200.8699951171875;202.5500030517578;195.92999267578125;198.22999572753906;188.75851440429688;2798100
2018-10-15;197.82000732421875;200.6999969482422;197.4199981689453;198.94000244140625;189.43458557128906;1812800
2018-10-16;200.4600067138672;202.52000427246094;199.22999572753906;202.3300018310547;192.6626434326172;1939500
2018-10-17;201.7899932861328;203.77000427246094;200.4499969482422;202.92999267578125;193.23391723632812;1824200
2018-10-18;202.33999633789062;202.52000427246094;198.39999389648438;200.3800048828125;190.80581665039062;2339400
2018-10-19;200.1199951171875;201.10000610351562;198.3699951171875;199.85000610351562;190.3011016845703;3167300
2018-10-22;201.25;203.39999389648438;199.69000244140625;201.36000061035156;191.7389678955078;3263300
2018-10-23;188.8000030517578;194.88999938964844;184.5;192.5500030517578;183.34991455078125;8255600
2018-10-24;192.10000610351562;192.9600067138672;183.97000122070312;184.5399932861328;175.72264099121094;5003500
2018-10-25;186.57000732421875;187.47999572753906;182.36000061035156;184.99000549316406;176.15113830566406;3535200
2018-10-26;183.30999755859375;186.66000366210938;181.97999572753906;184.9499969482422;176.113037109375;3546200
2018-10-29;187.85000610351562;188.8800048828125;183.16000366210938;185.7899932861328;176.91290283203125;2867600
2018-10-30;186.8300018310547;190.0800018310547;185.0;189.80999755859375;180.74081420898438;2919600
2018-10-31;190.6999969482422;192.1199951171875;189.6699981689453;190.25999450683594;181.16932678222656;2845100
2018-11-01;190.61000061035156;193.2100067138672;190.08999633789062;192.22000122070312;183.0356903076172;2242800
2018-11-02;193.66000366210938;194.47000122070312;191.60000610351562;192.80999755859375;183.59750366210938;3069600
2018-11-05;193.5;194.55999755859375;192.2100067138672;193.25;184.01646423339844;2886500
2018-11-06;193.27000427246094;195.5;193.0;195.3000030517578;185.96852111816406;1900200
2018-11-07;197.19000244140625;201.39999389648438;195.41000366210938;201.2899932861328;191.67230224609375;2444400
2018-11-08;201.0;204.27000427246094;200.72999572753906;204.07000732421875;194.3194580078125;2534000
2018-11-09;204.0;204.0;199.6999969482422;201.10000610351562;191.49139404296875;2429300
2018-11-12;200.57000732421875;200.77000427246094;196.5;197.0399932861328;187.62538146972656;2770000
2018-11-13;197.52000427246094;200.8800048828125;197.16000366210938;198.3699951171875;188.89181518554688;2168800
2018-11-14;200.8000030517578;201.0399932861328;196.2899932861328;198.05999755859375;188.59661865234375;2797700
2018-11-15;197.72999572753906;205.1300048828125;196.24000549316406;204.91000366210938;195.11935424804688;3157500
2018-11-16;203.24000549316406;209.77000427246094;202.60000610351562;209.0;199.01393127441406;2620400
2018-11-19;207.8300018310547;208.0500030517578;204.3699951171875;205.5800018310547;195.75732421875;3220400
2018-11-20;203.5800018310547;204.13999938964844;200.19000244140625;200.50999450683594;190.92958068847656;2677200
2018-11-21;199.67999267578125;201.17999267578125;198.66000366210938;198.69000244140625;190.4885711669922;1832700
2018-11-23;197.75999450683594;198.67999267578125;196.7899932861328;196.8000030517578;188.67657470703125;999900
2018-11-26;198.57000732421875;201.8300018310547;197.32000732421875;199.86000061035156;191.6102752685547;2321000
2018-11-27;199.1199951171875;201.32000732421875;196.77999877929688;200.69000244140625;192.406005859375;2079600
2018-11-28;201.99000549316406;204.35000610351562;199.4199981689453;204.33999633789062;195.90536499023438;2184400
2018-11-29;203.8699951171875;205.83999633789062;202.66000366210938;204.55999755859375;196.1162567138672;1569200
2018-11-30;204.36000061035156;207.9199981689453;203.97999572753906;207.9199981689453;199.3375701904297;3171900
2018-12-03;211.2100067138672;211.9499969482422;207.0500030517578;208.75999450683594;200.14288330078125;2493400
2018-12-04;208.05999755859375;208.5500030517578;202.08999633789062;202.1999969482422;193.8536834716797;2698700
2018-12-06;199.61000061035156;203.0800018310547;198.19000244140625;202.67999267578125;194.31387329101562;2991800
2018-12-07;202.6199951171875;204.3699951171875;197.00999450683594;198.24000549316406;190.05714416503906;2254500
2018-12-10;198.36000061035156;198.9499969482422;193.63999938964844;198.32000732421875;190.1338348388672;1980300
2018-12-11;201.25999450683594;202.0;196.13999938964844;197.4600067138672;189.30934143066406;1828900
2018-12-12;200.60000610351562;202.6199951171875;199.6999969482422;199.80999755859375;191.56234741210938;1919000
2018-12-13;201.42999267578125;202.39999389648438;199.52000427246094;202.1300048828125;193.7865753173828;1831700
2018-12-14;200.1199951171875;201.57000732421875;195.85000610351562;196.10000610351562;188.0054931640625;2473200
2018-12-17;195.83999633789062;198.25;191.85000610351562;192.82000732421875;184.86087036132812;2547600
2018-12-18;193.38999938964844;196.9199981689453;193.14999389648438;194.55999755859375;186.52906799316406;2636300
2018-12-19;196.0;198.22999572753906;189.6999969482422;189.9600067138672;182.11892700195312;3266500
2018-12-20;189.11000061035156;191.1199951171875;185.5;187.3800048828125;179.64541625976562;3609200
2018-12-21;187.86000061035156;190.5;183.63999938964844;183.75;176.16525268554688;6699200
2018-12-24;181.88999938964844;183.5399932861328;178.50999450683594;178.6199951171875;171.2469940185547;2249500
2018-12-26;179.3800048828125;186.3300018310547;176.8699951171875;186.25999450683594;178.57162475585938;2925500
2018-12-27;183.5;190.6999969482422;182.8800048828125;190.6999969482422;182.828369140625;2809000
2018-12-28;191.80999755859375;192.3000030517578;188.57000732421875;189.3699951171875;181.5532684326172;2311400
2018-12-31;190.33999633789062;191.64999389648438;188.5;190.5399932861328;182.6749725341797;1804400
2019-01-02;187.82000732421875;190.99000549316406;186.6999969482422;190.9499969482422;183.06805419921875;2475200
2019-01-03;188.27999877929688;188.27999877929688;182.88999938964844;183.75999450683594;176.17483520507812;3358200
2019-01-04;186.75;191.97999572753906;186.02999877929688;191.32000732421875;183.4228057861328;2995100
2019-01-07;191.36000061035156;192.3000030517578;188.66000366210938;190.8800048828125;183.00094604492188;2162200
2019-01-08;193.0;194.11000061035156;189.5800018310547;191.67999267578125;183.7678985595703;2479800
2019-01-09;193.25;193.94000244140625;191.3800048828125;192.3000030517578;184.36233520507812;2163600
2019-01-10;190.8699951171875;193.80999755859375;189.39999389648438;193.60000610351562;185.60867309570312;1939300
2019-01-11;191.83999633789062;192.69000244140625;190.86000061035156;192.2100067138672;184.27606201171875;2359900
2019-01-14;190.63999938964844;192.8300018310547;189.8000030517578;192.1699981689453;184.23770141601562;1914400
2019-01-15;188.83999633789062;190.67999267578125;187.86000061035156;188.94000244140625;181.14102172851562;2737300
2019-01-16;188.50999450683594;190.44000244140625;188.4199981689453;189.47999572753906;181.65872192382812;2492100
2019-01-17;188.55999755859375;192.89999389648438;187.89999389648438;191.7100067138672;183.79669189453125;1978900
2019-01-18;194.33999633789062;196.39999389648438;192.36000061035156;195.86000061035156;187.77537536621094;2746600
2019-01-22;194.22000122070312;194.49000549316406;190.42999267578125;192.25999450683594;184.32398986816406;2709600
2019-01-23;192.6300048828125;194.0;190.27999877929688;192.2899932861328;184.3527374267578;1652900
2019-01-24;192.25999450683594;193.1699981689453;191.50999450683594;192.52000427246094;184.57325744628906;1582800
2019-01-25;194.72000122070312;197.16000366210938;194.4600067138672;195.89999389648438;187.813720703125;2320100
2019-01-28;193.13999938964844;193.4499969482422;191.07000732421875;193.1999969482422;185.22515869140625;3156600
2019-01-29;195.00999450683594;199.88999938964844;194.1999969482422;196.9499969482422;188.82040405273438;4311100
2019-01-30;198.22000122070312;200.11000061035156;194.6300048828125;199.27000427246094;191.04464721679688;2168100
2019-01-31;198.8000030517578;200.88999938964844;197.74000549316406;200.3000030517578;192.0321044921875;3338400
2019-02-01;201.49000549316406;201.77000427246094;198.2899932861328;199.16000366210938;190.9391632080078;2239400
2019-02-04;199.00999450683594;200.25999450683594;196.25;200.2100067138672;191.94583129882812;1973600
2019-02-05;200.72000122070312;201.1300048828125;199.72999572753906;201.1199951171875;192.81826782226562;2036900
2019-02-06;201.22000122070312;203.0800018310547;200.25;202.57000732421875;194.2084197998047;1672400
2019-02-07;201.02000427246094;202.39999389648438;198.86000061035156;199.83999633789062;191.59107971191406;1949400
2019-02-08;199.22000122070312;199.85000610351562;197.89999389648438;199.82000732421875;191.57191467285156;1451800
2019-02-11;200.92999267578125;201.1999969482422;199.63999938964844;200.91000366210938;192.61692810058594;1513500
2019-02-12;202.8699951171875;206.7899932861328;202.19000244140625;206.57000732421875;198.04330444335938;2623000
2019-02-13;207.08999633789062;210.39999389648438;206.58999633789062;209.72000122070312;201.06326293945312;2967300
2019-02-14;206.58999633789062;207.1199951171875;204.0500030517578;204.92999267578125;197.829345703125;2229700
2019-02-15;206.4600067138672;208.97000122070312;206.0;208.86000061035156;201.62318420410156;2000400
2019-02-19;207.91000366210938;209.14999389648438;207.38999938964844;208.41000366210938;201.1887664794922;1534400
2019-02-20;208.92999267578125;208.97000122070312;207.32000732421875;208.52999877929688;201.3046112060547;1879100
2019-02-21;208.16000366210938;209.11000061035156;207.25;207.77000427246094;200.57095336914062;1737600
2019-02-22;207.77000427246094;209.66000366210938;207.14999389648438;209.35000610351562;202.09620666503906;1534200
2019-02-25;210.47000122070312;211.35000610351562;210.33999633789062;210.5800018310547;203.2835693359375;2183500
2019-02-26;210.5800018310547;211.58999633789062;209.3699951171875;209.3800048828125;202.1251678466797;1671300
2019-02-27;209.60000610351562;209.69000244140625;208.16000366210938;209.02999877929688;201.7872772216797;1540600
2019-02-28;209.0500030517578;209.0500030517578;206.9600067138672;207.38999938964844;200.20411682128906;2121700
2019-03-01;208.80999755859375;209.75999450683594;206.89999389648438;207.49000549316406;200.3006591796875;1754400
2019-03-04;208.99000549316406;209.97999572753906;205.74000549316406;206.86000061035156;199.69247436523438;1989900
2019-03-05;205.5800018310547;207.25;203.83999633789062;203.83999633789062;196.77711486816406;2744500
2019-03-06;204.72999572753906;204.7899932861328;202.75999450683594;202.8000030517578;195.7731475830078;1825300
2019-03-07;202.55999755859375;202.55999755859375;198.5;199.86000061035156;192.9350128173828;3339600
2019-03-08;198.3800048828125;201.1699981689453;198.0;200.88999938964844;193.92933654785156;1724500
2019-03-11;201.8800048828125;207.16000366210938;201.66000366210938;207.10000610351562;199.9241485595703;2385300
2019-03-12;207.83999633789062;208.38999938964844;205.3800048828125;205.8000030517578;198.66920471191406;2115100
2019-03-13;206.8300018310547;207.3000030517578;205.6300048828125;206.66000366210938;199.49940490722656;2036700
2019-03-14;206.6999969482422;207.4499969482422;205.72999572753906;207.3800048828125;200.19447326660156;1793400
2019-03-15;208.39999389648438;208.66000366210938;206.7899932861328;208.0800018310547;200.87020874023438;4394700
2019-03-18;208.44000244140625;208.60000610351562;205.61000061035156;208.49000549316406;201.26600646972656;1843600
2019-03-19;209.10000610351562;210.5399932861328;208.30999755859375;209.02000427246094;201.7776336669922;2351600
2019-03-20;209.0;210.50999450683594;207.2899932861328;208.3000030517578;201.0825653076172;1734600
2019-03-21;206.8000030517578;210.16000366210938;205.97000122070312;209.61000061035156;202.34719848632812;2288100
2019-03-22;208.2899932861328;208.49000549316406;204.47000122070312;204.66000366210938;197.56871032714844;2716100
2019-03-25;203.4600067138672;205.47000122070312;202.25;203.2100067138672;196.1689453125;2020600
2019-03-26;205.0;207.63999938964844;204.77000427246094;207.24000549316406;200.05931091308594;1895600
2019-03-27;207.39999389648438;207.94000244140625;205.1300048828125;207.16000366210938;199.9821014404297;2004000
2019-03-28;208.0;208.74000549316406;206.63999938964844;208.52999877929688;201.3046112060547;1670600
2019-03-29;209.2899932861328;209.5;206.1999969482422;207.77999877929688;200.58058166503906;2858300
2019-04-01;209.88999938964844;212.38999938964844;209.25999450683594;211.94000244140625;204.5964813232422;2588400
2019-04-02;212.24000549316406;212.6999969482422;211.0;212.1300048828125;204.77987670898438;1413500
2019-04-03;212.9499969482422;213.92999267578125;212.44000244140625;213.1300048828125;205.7452392578125;1570000
2019-04-04;213.5;215.27000427246094;212.3300018310547;215.02999877929688;207.5793914794922;1560900
2019-04-05;215.8800048828125;216.49000549316406;214.8000030517578;215.41000366210938;207.94622802734375;1391100
2019-04-08;214.7100067138672;215.07000732421875;213.47000122070312;215.02000427246094;207.5697479248047;1130000
2019-04-09;214.4199981689453;214.57000732421875;211.82000732421875;211.9600067138672;204.61578369140625;1516500
2019-04-10;212.4199981689453;212.7100067138672;210.72000122070312;212.11000061035156;204.76055908203125;1348600
2019-04-11;211.7100067138672;213.7100067138672;211.44000244140625;213.52999877929688;206.13136291503906;1181200
2019-04-12;215.10000610351562;217.49000549316406;214.35000610351562;217.4199981689453;209.88658142089844;1922400
2019-04-15;216.83999633789062;217.36000061035156;214.89999389648438;215.8300018310547;208.3516845703125;1483300
2019-04-16;216.58999633789062;217.6699981689453;215.47999572753906;216.89999389648438;209.3845977783203;1549600
2019-04-17;217.6300048828125;219.3300018310547;217.17999267578125;217.63999938964844;210.09896850585938;1977600
2019-04-18;217.97999572753906;219.6699981689453;217.6199951171875;218.8800048828125;211.29600524902344;1780100
2019-04-22;217.3000030517578;219.39999389648438;217.27000427246094;218.5399932861328;210.9677734375;1403500
2019-04-23;218.00999450683594;219.5500030517578;217.17999267578125;219.5;211.89450073242188;1561800
2019-04-24;219.0;219.75;218.10000610351562;219.0800018310547;211.4890594482422;2048900
2019-04-25;197.5399932861328;198.9600067138672;189.60000610351562;190.72000122070312;184.11170959472656;14646200
2019-04-26;190.52999877929688;192.25;189.36000061035156;191.6699981689453;185.02879333496094;4491300
2019-04-29;191.52000427246094;192.19000244140625;189.75;190.2100067138672;183.619384765625;3803400
2019-04-30;190.86000061035156;190.86000061035156;186.5500030517578;189.50999450683594;182.9436492919922;4541000
2019-05-01;189.49000549316406;189.7100067138672;185.9199981689453;186.07000732421875;179.6228485107422;3818500
2019-05-02;184.5;186.5;183.3800048828125;184.75;178.3485565185547;5654900
2019-05-03;185.80999755859375;186.69000244140625;184.08999633789062;185.22000122070312;178.8022918701172;4747700
2019-05-06;182.0399932861328;183.11000061035156;180.1300048828125;183.0399932861328;176.69781494140625;6517600
2019-05-07;181.80999755859375;181.89999389648438;177.80999755859375;179.1199951171875;172.9136505126953;5415600
2019-05-08;179.50999450683594;180.52999877929688;178.5;178.58999633789062;172.40200805664062;2990500
2019-05-09;177.3000030517578;177.39999389648438;174.17999267578125;175.27999877929688;169.20669555664062;5098200
2019-05-10;175.02000427246094;176.3300018310547;173.00999450683594;175.86000061035156;169.76658630371094;5012300
2019-05-13;173.94000244140625;174.5800018310547;172.7899932861328;174.07000732421875;168.0386505126953;5916700
2019-05-14;174.7899932861328;176.97000122070312;174.50999450683594;175.2100067138672;169.1391143798828;4014000
2019-05-15;174.02000427246094;175.64999389648438;173.64999389648438;174.1199951171875;168.0868682861328;3015500
2019-05-16;174.38999938964844;174.38999938964844;171.36000061035156;171.80999755859375;165.85693359375;4039500
2019-05-17;170.0;170.25999450683594;168.42999267578125;169.08999633789062;163.23117065429688;4595000
2019-05-20;167.9600067138672;167.9600067138672;165.61000061035156;166.25;160.4895782470703;4374600
2019-05-21;167.00999450683594;167.4199981689453;166.17999267578125;167.3000030517578;161.50318908691406;4148200
2019-05-22;167.42999267578125;170.75999450683594;166.4600067138672;169.74000549316406;163.85865783691406;4504200
2019-05-23;167.5800018310547;168.3000030517578;164.58999633789062;165.8699951171875;161.49278259277344;3830200
2019-05-24;166.33999633789062;167.4199981689453;165.32000732421875;166.08999633789062;161.70697021484375;2366900
2019-05-28;166.8000030517578;166.99000549316406;163.35000610351562;163.35000610351562;159.039306640625;4875100
2019-05-29;163.00999450683594;163.8000030517578;160.5;161.39999389648438;157.14073181152344;3669000
2019-05-30;161.39999389648438;162.27000427246094;160.0;160.5800018310547;156.34239196777344;2478700
2019-05-31;159.8300018310547;160.74000549316406;159.6300048828125;159.75;155.53428649902344;3521900
2019-06-03;159.75;161.5;159.32000732421875;160.0399932861328;155.81661987304688;3726500
2019-06-04;161.72999572753906;165.08999633789062;161.5800018310547;164.2899932861328;159.9544677734375;3746800
2019-06-05;165.13999938964844;165.8300018310547;162.8800048828125;163.85000610351562;159.52609252929688;3161600
2019-06-06;164.0;166.35000610351562;162.4600067138672;164.72000122070312;160.37313842773438;3581800
2019-06-07;165.55999755859375;167.08999633789062;164.63999938964844;166.61000061035156;162.2132568359375;2017700
2019-06-10;168.11000061035156;170.22000122070312;167.8699951171875;168.2899932861328;163.84890747070312;2257600
2019-06-11;169.91000366210938;170.36000061035156;168.5;168.91000366210938;164.4525604248047;2227200
2019-06-12;169.8699951171875;170.14999389648438;168.58999633789062;169.00999450683594;164.54991149902344;2166400
2019-06-13;169.36000061035156;169.89999389648438;167.8699951171875;168.85000610351562;164.39414978027344;2141500
2019-06-14;168.24000549316406;168.25;166.0500030517578;166.69000244140625;162.29115295410156;2719200
2019-06-17;167.10000610351562;167.42999267578125;166.4600067138672;166.77999877929688;162.37876892089844;1783300
2019-06-18;167.85000610351562;172.27000427246094;167.57000732421875;171.86000061035156;167.32470703125;3623000
2019-06-19;171.8800048828125;172.80999755859375;170.5399932861328;170.75;166.24400329589844;2777400
2019-06-20;172.8699951171875;174.27999877929688;171.6999969482422;173.94000244140625;169.34982299804688;3064200
2019-06-21;173.75;174.55999755859375;172.6300048828125;173.35000610351562;168.77540588378906;4880800
2019-06-24;173.35000610351562;174.33999633789062;173.33999633789062;173.3800048828125;168.80459594726562;2711900
2019-06-25;173.25;173.38999938964844;171.27999877929688;172.02999877929688;167.49021911621094;2733200
2019-06-26;172.35000610351562;173.24000549316406;171.72000122070312;171.8800048828125;167.3441925048828;1812200
2019-06-27;172.50999450683594;172.7899932861328;170.64999389648438;171.5;166.97421264648438;1718500
2019-06-28;171.85000610351562;174.3699951171875;171.77000427246094;173.33999633789062;168.76564025878906;3600800
2019-07-01;175.4600067138672;175.77999877929688;173.52000427246094;174.50999450683594;169.90476989746094;2106700
2019-07-02;175.10000610351562;175.10000610351562;173.07000732421875;174.02000427246094;169.42770385742188;1555400
2019-07-03;174.1699981689453;175.0399932861328;172.92999267578125;174.97999572753906;170.36236572265625;1170700
2019-07-05;173.0;173.27999877929688;169.72999572753906;172.0;167.4610137939453;1740500
2019-07-08;169.9199981689453;170.47999572753906;168.77000427246094;169.19000244140625;164.7251739501953;2285300
2019-07-09;166.82000732421875;167.4499969482422;164.2899932861328;165.6999969482422;161.3272705078125;4536100
2019-07-10;166.19000244140625;167.32000732421875;165.57000732421875;165.6999969482422;161.3272705078125;2661700
2019-07-11;166.3000030517578;169.08999633789062;165.8699951171875;169.0399932861328;164.57911682128906;2814800
2019-07-12;170.10000610351562;173.36000061035156;169.25;173.33999633789062;168.76564025878906;3160700
2019-07-15;173.3800048828125;174.25;171.2100067138672;172.83999633789062;168.27883911132812;2187500
2019-07-16;172.75;177.25;172.72000122070312;176.49000549316406;171.83251953125;3918900
2019-07-17;176.35000610351562;176.49000549316406;174.10000610351562;174.6699981689453;170.060546875;2947400
2019-07-18;174.4199981689453;175.13999938964844;172.39999389648438;173.05999755859375;168.4930419921875;2223300
2019-07-19;173.00999450683594;173.99000549316406;172.2100067138672;172.61000061035156;168.05490112304688;2360300
2019-07-22;172.80999755859375;175.2100067138672;172.1300048828125;174.63999938964844;170.03134155273438;2004400
2019-07-23;176.0;178.02000427246094;175.64999389648438;177.52000427246094;172.83535766601562;2360700
2019-07-24;176.92999267578125;180.2899932861328;176.25999450683594;179.4199981689453;174.68521118164062;3532300
2019-07-25;187.00999450683594;187.72000122070312;176.66000366210938;178.1300048828125;173.42926025390625;7362000
2019-07-26;177.6300048828125;178.38999938964844;170.57000732421875;173.97999572753906;169.38877868652344;4016100
2019-07-29;173.8300018310547;177.6199951171875;173.66000366210938;176.75999450683594;172.09539794921875;2638900
2019-07-30;175.66000366210938;177.80999755859375;173.8000030517578;177.6300048828125;172.94244384765625;1978900
2019-07-31;177.64999389648438;178.02000427246094;173.39999389648438;174.72000122070312;170.10923767089844;3015800
2019-08-01;174.7899932861328;177.6699981689453;173.02999877929688;173.36000061035156;168.78512573242188;2381200
2019-08-02;172.86000061035156;172.9199981689453;169.80999755859375;170.5500030517578;166.04928588867188;2423100
2019-08-05;168.9499969482422;169.02000427246094;164.4199981689453;164.7100067138672;160.3634033203125;2894700
2019-08-06;164.82000732421875;165.47999572753906;162.89999389648438;163.7100067138672;159.38980102539062;3494800
2019-08-07;162.0;163.9499969482422;158.0399932861328;163.63999938964844;159.32162475585938;5993200
2019-08-08;164.3699951171875;165.49000549316406;163.5500030517578;164.22000122070312;159.88632202148438;3260100
2019-08-09;164.5399932861328;164.75;162.02999877929688;163.47000122070312;159.15611267089844;1582100
2019-08-12;163.02000427246094;164.77999877929688;161.5500030517578;162.10000610351562;157.82228088378906;1446300
2019-08-13;162.55999755859375;167.8800048828125;162.14999389648438;164.8800048828125;160.52891540527344;3244600
2019-08-14;162.5;162.8699951171875;158.6699981689453;158.80999755859375;154.6190948486328;4056100
2019-08-15;158.05999755859375;159.6999969482422;155.6300048828125;156.83999633789062;154.0983428955078;4452700
2019-08-16;157.83999633789062;161.91000366210938;157.4499969482422;161.5;158.67689514160156;3481800
2019-08-19;163.7100067138672;163.9499969482422;161.77999877929688;162.9499969482422;160.10154724121094;3198000
2019-08-20;163.11000061035156;163.11000061035156;160.9600067138672;161.00999450683594;158.19544982910156;2061700
2019-08-21;162.69000244140625;163.64999389648438;161.0500030517578;161.14999389648438;158.3330078125;1623600
2019-08-22;162.0;162.92999267578125;160.14999389648438;160.8800048828125;158.06773376464844;1441600
2019-08-23;160.0800018310547;160.35000610351562;155.27000427246094;155.85000610351562;153.12567138671875;4223900
2019-08-26;157.00999450683594;157.47000122070312;155.0800018310547;156.1199951171875;153.39093017578125;2215300
2019-08-27;157.3300018310547;157.47999572753906;155.39999389648438;155.75;153.02740478515625;2281100
2019-08-28;155.10000610351562;157.77999877929688;154.0;157.5500030517578;154.7959442138672;2346900
2019-08-29;159.3000030517578;161.02999877929688;159.0500030517578;160.36000061035156;157.55682373046875;3170500
2019-08-30;161.57000732421875;162.14999389648438;160.41000366210938;161.72000122070312;158.89305114746094;1967000
2019-09-03;161.39999389648438;161.6300048828125;157.25999450683594;158.63999938964844;155.8668975830078;1835800
2019-09-04;159.8300018310547;160.6300048828125;158.99000549316406;160.07000732421875;157.2718963623047;1506600
2019-09-05;162.5;166.41000366210938;162.38999938964844;164.22999572753906;161.35916137695312;2421400
2019-09-06;164.63999938964844;164.8800048828125;162.9499969482422;163.94000244140625;161.07424926757812;1762300
2019-09-09;165.0;167.85000610351562;164.69000244140625;165.94000244140625;163.03927612304688;3091300
2019-09-10;166.16000366210938;169.10000610351562;166.00999450683594;168.86000061035156;165.90823364257812;3240200
2019-09-11;169.86000061035156;169.88999938964844;165.3699951171875;168.0800018310547;165.14187622070312;3579100
2019-09-12;169.6199951171875;171.85000610351562;168.61000061035156;170.5800018310547;167.59817504882812;2870400
2019-09-13;170.58999633789062;172.47999572753906;169.86000061035156;171.44000244140625;168.44314575195312;2534200
2019-09-16;171.2100067138672;171.2100067138672;167.91000366210938;169.6699981689453;166.70408630371094;2459300
2019-09-17;167.75999450683594;168.57000732421875;166.5;168.07000732421875;165.13206481933594;2716400
2019-09-18;167.61000061035156;168.0500030517578;165.25;167.44000244140625;164.5130615234375;2096700
2019-09-19;167.38999938964844;168.80999755859375;166.91000366210938;167.07000732421875;164.1495361328125;1623000
2019-09-20;167.42999267578125;169.1699981689453;166.47999572753906;166.75999450683594;163.84494018554688;3698900
2019-09-23;165.49000549316406;167.42999267578125;164.5;166.75999450683594;163.84494018554688;1938600
2019-09-24;167.0500030517578;167.5500030517578;164.16000366210938;164.74000549316406;161.86026000976562;2986800
2019-09-25;164.75999450683594;164.97999572753906;163.69000244140625;164.0;161.13319396972656;2758200
2019-09-26;164.0;164.41000366210938;162.8000030517578;163.8300018310547;160.96615600585938;2763300
2019-09-27;164.47999572753906;165.63999938964844;163.52000427246094;164.52999877929688;161.6539306640625;2870300
2019-09-30;165.2100067138672;165.57000732421875;163.94000244140625;164.39999389648438;161.5261993408203;2508500
2019-10-01;165.0;165.2100067138672;158.1699981689453;158.3800048828125;155.6114501953125;3271500
2019-10-02;157.05999755859375;157.22000122070312;154.6300048828125;155.64999389648438;152.92913818359375;2972300
2019-10-03;155.13999938964844;155.4600067138672;150.80999755859375;155.22999572753906;152.51649475097656;3025700
2019-10-04;155.22999572753906;156.0500030517578;154.39999389648438;155.82000732421875;153.09619140625;2646400
2019-10-07;155.0;155.35000610351562;153.52000427246094;153.52000427246094;150.83639526367188;2471200
2019-10-08;152.3300018310547;152.8000030517578;150.5800018310547;150.74000549316406;148.10499572753906;2781800
2019-10-09;152.33999633789062;152.44000244140625;150.7899932861328;150.99000549316406;148.35061645507812;3358600
2019-10-10;150.9499969482422;153.08999633789062;150.8699951171875;152.30999755859375;149.6475372314453;3192000
2019-10-11;154.1300048828125;159.60000610351562;154.11000061035156;158.10000610351562;155.33633422851562;4670200
2019-10-14;158.0399932861328;162.38999938964844;157.33999633789062;160.50999450683594;157.70419311523438;3269800
2019-10-15;159.35000610351562;164.02000427246094;159.35000610351562;162.97999572753906;160.13101196289062;3098600
2019-10-16;163.10000610351562;164.1999969482422;162.1199951171875;162.17999267578125;159.34500122070312;1935200
2019-10-17;163.13999938964844;165.49000549316406;163.0800018310547;163.5399932861328;160.6812286376953;1944600
2019-10-18;163.55999755859375;164.27000427246094;162.97999572753906;163.10000610351562;160.24893188476562;2693700
2019-10-21;165.47000122070312;166.14999389648438;164.75999450683594;165.94000244140625;163.03927612304688;1998600
2019-10-22;166.27000427246094;168.91000366210938;165.10000610351562;167.5399932861328;164.61129760742188;2064000
2019-10-23;167.41000366210938;168.75999450683594;166.55999755859375;168.75999450683594;165.8099822998047;2712300
2019-10-24;165.16000366210938;165.25;159.6300048828125;161.88999938964844;159.06007385253906;5953300
2019-10-25;162.50999450683594;167.6300048828125;162.1300048828125;166.08999633789062;163.18666076660156;3104700
2019-10-28;166.47999572753906;169.7100067138672;166.1999969482422;169.05999755859375;166.104736328125;3138000
2019-10-29;168.02999877929688;169.9499969482422;167.50999450683594;168.80999755859375;165.85910034179688;2669200
2019-10-30;168.22999572753906;168.57000732421875;167.02999877929688;168.3699951171875;165.4268035888672;1780100
2019-10-31;168.50999450683594;168.55999755859375;163.5500030517578;164.99000549316406;162.10589599609375;2653100
2019-11-01;166.94000244140625;170.14999389648438;166.72000122070312;170.08999633789062;167.11672973632812;2467400
2019-11-04;171.6199951171875;175.0;171.6199951171875;174.89999389648438;171.8426513671875;4142800
2019-11-05;175.0;175.4600067138672;173.77000427246094;175.27000427246094;172.20619201660156;2304300
2019-11-06;174.91000366210938;175.0;172.36000061035156;174.0;170.95838928222656;3012900
2019-11-07;175.72999572753906;176.7100067138672;173.7899932861328;174.52000427246094;171.46929931640625;3358800
2019-11-08;174.5800018310547;174.8699951171875;172.11000061035156;173.14999389648438;170.1232452392578;1615600
2019-11-11;172.5;172.5;169.64999389648438;170.11000061035156;167.1363983154297;2664300
2019-11-12;170.36000061035156;172.07000732421875;170.02999877929688;170.83999633789062;167.85362243652344;1740400
2019-11-13;170.11000061035156;171.38999938964844;169.5800018310547;170.5500030517578;167.56869506835938;1638800
2019-11-14;169.97999572753906;172.32000732421875;169.92999267578125;170.92999267578125;167.94203186035156;1613900
2019-11-15;171.66000366210938;172.69000244140625;171.0399932861328;171.8800048828125;168.87545776367188;2616900
2019-11-18;170.7899932861328;171.1999969482422;169.1699981689453;170.5399932861328;167.55886840820312;2364600
2019-11-19;171.72000122070312;171.72000122070312;169.52999877929688;170.67999267578125;167.6964111328125;1791800
2019-11-20;169.7899932861328;170.0;167.14999389648438;167.77000427246094;164.83729553222656;2689500
2019-11-21;166.8800048828125;167.0;164.50999450683594;165.13999938964844;163.65797424316406;3605700
2019-11-22;165.5;167.75;165.0;167.60000610351562;166.0959014892578;3268300
2019-11-25;168.47000122070312;170.36000061035156;167.8699951171875;170.24000549316406;168.7122039794922;2761900
2019-11-26;169.8000030517578;170.25;168.7100067138672;169.22999572753906;167.7112579345703;2610900
2019-11-27;170.0;171.3699951171875;169.50999450683594;170.61000061035156;169.07888793945312;1331500
2019-11-29;170.42999267578125;170.5800018310547;169.25999450683594;169.77000427246094;168.24642944335938;942500
2019-12-02;170.16000366210938;171.6999969482422;168.24000549316406;168.27000427246094;166.7598876953125;2342200
2019-12-03;166.5;166.60000610351562;164.39999389648438;165.1699981689453;163.6876983642578;2702000
2019-12-04;166.4199981689453;168.8699951171875;166.0;167.13999938964844;165.64002990722656;2139200
2019-12-05;167.22000122070312;167.8699951171875;162.72000122070312;164.3699951171875;162.89488220214844;3309300
2019-12-06;167.25;171.99000549316406;167.25;171.47000122070312;169.93116760253906;3880000
2019-12-09;169.39999389648438;171.25999450683594;168.7899932861328;169.8300018310547;168.30587768554688;2058200
2019-12-10;169.1300048828125;169.38999938964844;166.97000122070312;167.66000366210938;166.15536499023438;2670500
2019-12-11;168.3800048828125;168.83999633789062;167.3300018310547;168.74000549316406;167.2256622314453;1859000
2019-12-12;166.72999572753906;170.85000610351562;166.3300018310547;168.55999755859375;167.04727172851562;2872400
2019-12-13;169.6199951171875;171.1199951171875;168.0800018310547;168.7899932861328;167.27520751953125;2098000
2019-12-16;168.94000244140625;170.8300018310547;168.19000244140625;170.75;169.21762084960938;2917200
2019-12-17;170.35000610351562;171.7899932861328;169.2100067138672;169.92999267578125;168.4049835205078;2672600
2019-12-18;169.77999877929688;170.0;168.19000244140625;169.02999877929688;167.5130615234375;2270400
2019-12-19;169.6199951171875;172.5800018310547;169.14999389648438;172.14999389648438;170.6050567626953;2757600
2019-12-20;174.7899932861328;175.47000122070312;172.1999969482422;175.3699951171875;173.79615783691406;7513000
2019-12-23;176.7100067138672;179.17999267578125;176.55999755859375;178.47000122070312;176.86834716796875;4876300
2019-12-24;178.27000427246094;178.6699981689453;176.0399932861328;176.67999267578125;175.0944061279297;1259500
2019-12-26;176.4499969482422;176.66000366210938;175.5;176.58999633789062;175.00521850585938;1435200
2019-12-27;176.64999389648438;177.5399932861328;175.6199951171875;177.25999450683594;175.66920471191406;1472900
2019-12-30;177.25999450683594;178.9600067138672;175.58999633789062;175.8300018310547;174.25204467773438;1715100
2019-12-31;175.22999572753906;176.58999633789062;175.07000732421875;176.4199981689453;174.8367462158203;1573500
2020-01-02;177.67999267578125;180.00999450683594;177.13999938964844;180.0;178.38461303710938;3601700
2020-01-03;177.02000427246094;178.66000366210938;175.6300048828125;178.4499969482422;176.84852600097656;2466900
2020-01-06;177.14999389648438;178.7100067138672;176.35000610351562;178.6199951171875;177.01699829101562;1998000
2020-01-07;178.27999877929688;178.50999450683594;176.82000732421875;177.89999389648438;176.30345153808594;2173000
2020-01-08;178.0;181.5;177.64999389648438;180.6300048828125;179.0089569091797;2758300
2020-01-09;181.50999450683594;181.58999633789062;179.75999450683594;181.1999969482422;179.57383728027344;2746300
2020-01-10;181.61000061035156;182.17999267578125;180.13999938964844;180.47000122070312;178.85040283203125;2103800
2020-01-13;180.94000244140625;182.22999572753906;180.36000061035156;180.9199981689453;179.29635620117188;2090800
2020-01-14;180.9199981689453;182.5500030517578;180.2100067138672;181.3699951171875;179.7423095703125;2911200
2020-01-15;181.4199981689453;181.86000061035156;179.17999267578125;179.77999877929688;178.1665802001953;2482200
2020-01-16;180.67999267578125;181.1999969482422;179.69000244140625;181.00999450683594;179.3855438232422;2149900
2020-01-17;181.0;182.14999389648438;180.6999969482422;181.35000610351562;179.72250366210938;3690100
2020-01-21;181.85000610351562;181.91000366210938;178.6300048828125;179.38999938964844;177.78009033203125;3367700
2020-01-22;179.50999450683594;180.57000732421875;177.8800048828125;178.02999877929688;176.4322967529297;2420200
2020-01-23;177.07000732421875;178.44000244140625;176.38999938964844;177.74000549316406;176.1448974609375;2358400
2020-01-24;178.49000549316406;179.80999755859375;177.52999877929688;178.14999389648438;176.55120849609375;2643100
2020-01-27;179.86000061035156;180.58999633789062;175.5399932861328;175.6300048828125;174.0538330078125;4361400
2020-01-28;171.89999389648438;172.33999633789062;165.0500030517578;165.5800018310547;164.09402465820312;8920700
2020-01-29;166.35000610351562;166.47000122070312;161.52999877929688;162.0;160.54615783691406;5343900
2020-01-30;161.0;162.63999938964844;158.75999450683594;162.50999450683594;161.05157470703125;4357100
2020-01-31;162.0;162.64999389648438;158.22999572753906;158.66000366210938;157.2361297607422;5740300
2020-02-03;160.02999877929688;160.30999755859375;156.3800048828125;156.58999633789062;155.1846923828125;3927100
2020-02-04;159.77000427246094;159.9600067138672;157.0;157.24000549316406;155.82887268066406;4363900
2020-02-05;159.1199951171875;162.3300018310547;158.6999969482422;162.3300018310547;160.87318420410156;3118200
2020-02-06;164.49000549316406;165.0;162.47000122070312;162.88999938964844;161.42816162109375;3413800
2020-02-07;161.41000366210938;161.9199981689453;159.6300048828125;160.0800018310547;158.6433868408203;2736200
2020-02-10;160.2100067138672;161.25999450683594;158.8699951171875;160.14999389648438;158.71275329589844;2754800
2020-02-11;161.0;162.52000427246094;160.02000427246094;162.4499969482422;160.9921112060547;2275100
2020-02-12;164.24000549316406;165.0399932861328;163.57000732421875;163.8000030517578;162.3300018310547;2736400
2020-02-13;161.75999450683594;161.8699951171875;159.0;159.75999450683594;159.75999450683594;3413900
2020-02-14;159.85000610351562;161.13999938964844;158.82000732421875;161.00999450683594;161.00999450683594;2233500
2020-02-18;160.36000061035156;160.52999877929688;158.0399932861328;158.8800048828125;158.8800048828125;2478900
2020-02-19;159.0800018310547;160.47000122070312;158.36000061035156;159.33999633789062;159.33999633789062;2296400
2020-02-20;159.0;161.38999938964844;158.5;158.55999755859375;158.55999755859375;3275100
2020-02-21;158.3300018310547;158.58999633789062;156.1199951171875;156.92999267578125;156.92999267578125;3535300
2020-02-24;154.4499969482422;154.7100067138672;152.22000122070312;152.5500030517578;152.5500030517578;3635600
2020-02-25;153.30999755859375;153.44000244140625;145.97000122070312;146.85000610351562;146.85000610351562;5263400
2020-02-26;149.57000732421875;151.82000732421875;148.08999633789062;148.9600067138672;148.9600067138672;5152100
2020-02-27;151.22999572753906;155.42999267578125;149.0;150.16000366210938;150.16000366210938;8241600
2020-02-28;154.08999633789062;156.72000122070312;146.0;149.24000549316406;149.24000549316406;11508700
2020-03-02;151.33999633789062;153.42999267578125;148.3699951171875;153.02000427246094;153.02000427246094;8026300
2020-03-03;152.44000244140625;154.0;144.44000244140625;145.24000549316406;145.24000549316406;8296500
2020-03-04;147.02000427246094;154.0;145.99000549316406;153.97999572753906;153.97999572753906;5773800
2020-03-05;150.8000030517578;154.35000610351562;149.5500030517578;151.41000366210938;151.41000366210938;5887000
2020-03-06;149.58999633789062;154.74000549316406;147.8699951171875;153.64999389648438;153.64999389648438;7155100
2020-03-09;146.58999633789062;149.4600067138672;143.5500030517578;144.05999755859375;144.05999755859375;8189700
